"Name","Bytes","SHA256"
"BOSSA-CATERING-PILOT-1-SPEC.md","10739","D40E030E1F6F5745A20747006AE859F7A7D53900BA14FC6EFF27506719362028"
"CONTRACT-REVIEW.md","3581","BC0771D63B76BC0221401B8C0F5337F239DCB1DE49D2242521DB6D36861F7C76"
"EXECUTION-LOG.md","2297","1E0CC6F3DBEC239AC2A76F34F75D7B4E3747928FE236C2B71323F2C03E4D04AE"
"fixtures.json","20295","134F5CA5AD712C007793A4237D3D9B8E0F6B9E21FC3B7E10F9837C213C833C79"
"outputs.json","148970","9FDB44AE4258F69406698226F31E2F75597F5BC8353974CD5EDEF6A86C63171B"
"OUTPUTS.md","47210","7FE3D84A81791919FC6739B0D1AA0F512F37D9EEB600BDC7DA85B487A0E66756"
"OWNER-REVIEW.md","2145","4D1C9BDA21CE2C3BD5BA11081F4A98BF97BC003DE8341959382590F5A0EB1B96"
"run-synthetic-pilot.py","35068","8FEB4263155EFA778D15EB597630EEDF06209D0BB7B578095E235A307CB53375"
"test-evidence.json","33143","82B4535478778DFE41F1ABD6270B2D8C04CA41F26DDE3533B2A269F3E294EE30"
"TEST-REPORT.md","3671","0A0E769C81161097B509FEB1F6D532BBC2278E021B48FDAB3A4783A6DC8793DC"
